sale_order,salesperson1_name,salesperson2_name,salesperson3_name,presalesperson_name,cost,final_amount,adjusted_amount,counted_amount,incentive
S50532,RAJAT PANDEY,RAJAT PANDEY,,,0.0,35237.28813559322,35237.28813559322,35237.28813559322,1761.864406779661
S52424,RAJAT PANDEY,RAJAT PANDEY,,,0.0,10000.0,10000.0,10000.0,500.0
S54870,RAJAT PANDEY,RAHUL KUSHWAH,,,0.0,64067.7966101695,64067.7966101695,32033.89830508475,1601.6949152542375
